Date,isHoliday,Month,Day,WeekNum,Contest number,Word,Number of reported results,Number in hard mode,1 try,2 tries,3 tries,4 tries,5 tries,6 tries,7 or more tries (X),Average,Sigma,th,sh,ch,er,ing,ou,en,eu,ai,oe,kn,ph,fj,wr,qu,Collision
2022/12/31,0,12,31,7,560,manly,20380,1899,0,0.02,0.17,0.37,0.29,0.12,0.02,4.383838384,1.031886286,0,0,0,0,0,0,0,0,0,0,0,0,0,0,0,
2022/12/30,0,12,30,6,559,molar,21204,1973,0,0.04,0.21,0.38,0.26,0.09,0.01,4.181818182,1.028518954,0,0,0,0,0,0,0,0,0,0,0,0,0,0,0,
2022/12/29,0,12,29,5,558,havoc,20001,1919,0,0.02,0.16,0.38,0.3,0.12,0.02,4.4,1.019803903,0,0,0,0,0,0,0,0,0,0,0,0,0,0,0,
2022/12/28,0,12,28,4,557,impel,20160,1937,0,0.03,0.21,0.4,0.25,0.09,0.01,4.191919192,1.001783941,0,0,0,0,0,0,0,0,0,0,0,0,0,0,0,
2022/12/27,0,12,27,3,556,condo,20879,2012,0,0.02,0.17,0.35,0.29,0.14,0.03,4.45,1.080509139,0,0,0,0,0,0,0,0,0,0,0,0,0,0,0,
2022/12/26,2,12,26,2,555,judge,20011,2043,0,0.02,0.08,0.16,0.26,0.33,0.14,5.232323232,1.229504974,0,0,0,0,0,0,0,0,0,0,0,0,0,0,0,
2022/12/25,2,12,25,1,554,extra,15554,1562,0.01,0.05,0.2,0.35,0.28,0.1,0.01,4.18,1.107971119,0,0,0,0,0,0,0,0,0,0,0,0,0,0,0,
2022/12/24,0,12,24,7,553,poise,20281,1911,0.02,0.11,0.34,0.32,0.15,0.06,0.01,3.683168317,1.151242919,0,0,0,0,0,0,0,0,0,0,0,0,0,0,0,
2022/12/23,0,12,23,6,552,aorta,21937,2112,0,0.07,0.26,0.35,0.2,0.1,0.03,4.089108911,1.17817622,0,0,0,0,0,0,0,0,0,0,0,0,0,0,0,
2022/12/22,0,12,22,5,551,excel,20490,2034,0,0.01,0.13,0.34,0.34,0.15,0.02,4.555555556,0.997190216,0,0,0,0,0,0,0,0,0,0,0,0,0,0,0,
2022/12/21,0,12,21,4,550,lunar,22180,2036,0,0.05,0.32,0.4,0.17,0.04,0,3.826530612,0.915016563,0,0,0,0,0,0,0,0,0,0,0,0,0,0,0,
2022/12/20,0,12,20,3,549,third,24137,2261,0.01,0.1,0.47,0.32,0.09,0.02,0,3.435643564,0.894602535,1,0,0,0,0,0,0,0,0,0,0,0,0,0,0,
2022/12/19,0,12,19,2,548,slate,26010,2422,0.06,0.14,0.33,0.27,0.13,0.05,0.01,3.464646465,1.257808992,0,0,0,0,0,0,0,0,0,0,0,0,0,0,0,
2022/12/18,0,12,18,1,547,taper,22166,2108,0,0.08,0.28,0.3,0.2,0.11,0.03,4.07,1.226825171,0,0,0,1,0,0,0,0,0,0,0,0,0,0,0,
2022/12/17,0,12,17,7,546,chord,22336,2088,0,0.07,0.39,0.38,0.13,0.03,0,3.66,0.896883493,0,0,1,0,0,0,0,0,0,0,0,0,0,0,0,
2022/12/16,0,12,16,6,545,rprobe,22853,2160,0,0.06,0.24,0.32,0.24,0.11,0.03,4.19,1.180635422,0,0,0,0,0,0,0,0,0,0,0,0,0,0,0,
2022/12/15,0,12,15,5,544,rival,22176,2127,0,0.07,0.27,0.35,0.22,0.08,0.01,4,1.086278049,0,0,0,0,0,0,0,0,0,0,0,0,0,0,0,
2022/12/14,0,12,14,4,543,usual,20824,2048,0,0.03,0.2,0.39,0.27,0.1,0.01,4.24,1.011137973,0,0,0,0,0,0,0,0,0,0,0,0,0,0,0,
2022/12/13,0,12,13,3,542,spoke,24101,2224,0,0.06,0.31,0.38,0.19,0.05,0,3.858585859,0.964104242,0,0,0,0,0,0,0,0,0,0,0,0,0,0,0,
2022/12/12,0,12,12,2,541,apply,22873,2150,0,0.05,0.28,0.38,0.22,0.07,0.01,4.00990099,1.029226851,0,0,0,0,0,0,0,0,0,0,0,0,0,0,0,
2022/12/11,0,12,11,1,540,naive,21947,2075,0.01,0.07,0.24,0.32,0.24,0.11,0.01,4.08,1.172006826,0,0,0,0,0,0,0,0,0,0,0,0,0,0,0,
2022/12/10,0,12,10,7,539,knock,21157,2041,0,0.03,0.18,0.43,0.27,0.08,0.01,4.22,0.965194281,0,0,0,0,0,0,0,0,0,0,1,0,0,0,0,
2022/12/9,0,12,9,6,538,braid,23640,2165,0,0.1,0.36,0.35,0.14,0.03,0,3.632653061,0.951773373,0,0,0,0,0,0,0,0,1,0,0,0,0,0,0,
2022/12/8,0,12,8,5,537,infer,21199,1863,0,0.03,0.19,0.33,0.26,0.14,0.03,4.387755102,1.130582774,0,0,0,1,0,0,0,0,0,0,0,0,0,0,0,
2022/12/7,0,12,7,4,536,joust,24899,2388,0,0.06,0.29,0.34,0.21,0.08,0.02,4.02,1.113373253,0,0,0,0,0,1,0,0,0,0,0,0,0,0,0,
2022/12/6,0,12,6,3,535,amber,23509,2261,0,0.06,0.22,0.33,0.24,0.12,0.03,4.23,1.181989848,0,0,0,1,0,0,0,0,0,0,0,0,0,0,0,
2022/12/5,0,12,5,2,534,woken,23153,2200,0,0.02,0.1,0.25,0.36,0.23,0.04,4.8,1.086278049,0,0,0,0,0,0,1,0,0,0,0,0,0,0,0,
2022/12/4,0,12,4,1,533,adore,25577,2398,0.02,0.17,0.32,0.29,0.15,0.05,0.01,3.564356436,1.189190935,0,0,0,0,0,0,0,0,0,0,0,0,0,0,0,
2022/12/3,0,12,3,7,532,torso,23873,2260,0,0.04,0.35,0.36,0.17,0.06,0.01,3.888888889,1.003920485,0,0,0,0,0,0,0,0,0,0,0,0,0,0,0,
2022/12/2,0,12,2,6,531,chafe,24646,2343,0,0.06,0.3,0.33,0.19,0.09,0.02,4.01010101,1.132575054,0,0,1,0,0,0,0,0,0,0,0,0,0,0,0,
2022/12/1,0,12,1,5,530,eject,22628,2200,0,0.02,0.11,0.35,0.36,0.14,0.02,4.55,0.993730346,0,0,0,0,0,0,0,0,0,0,0,0,0,0,0,
2022/11/30,0,11,30,4,529,study,2569,2405,0,0.06,0.3,0.33,0.19,0.1,0.02,4.03,1.14415908,0,0,0,0,0,0,0,0,0,0,0,0,0,0,0,
2022/11/29,0,11,29,3,528,undue,23739,2316,0,0.03,0.19,0.35,0.29,0.13,0.02,4.356435644,1.077071188,0,0,0,0,0,0,0,0,0,0,0,0,0,0,0,
2022/11/28,0,11,28,2,527,tepid,26051,2484,0,0.1,0.38,0.35,0.13,0.03,0,3.606060606,0.940859073,0,0,0,0,0,0,0,0,0,0,0,0,0,0,0,
2022/11/27,0,11,27,1,526,happy,25206,2356,0,0.06,0.28,0.39,0.19,0.06,0.01,3.939393939,1.023148062,0,0,0,0,0,0,0,0,0,0,0,0,0,0,0,
2022/11/26,0,11,26,7,525,clen,26381,2424,0.01,0.17,0.36,0.31,0.12,0.03,0,3.45,1.033198916,0,0,0,0,0,0,1,0,0,0,0,0,0,0,0,
2022/11/25,1,11,25,6,524,itchy,24197,2329,0,0.08,0.28,0.4,0.18,0.05,0.01,3.87,1.026206607,0,0,1,0,0,0,0,0,0,0,0,0,0,0,0,
2022/11/24,2,11,24,5,523,feast,27705,2725,0.05,0.13,0.25,0.27,0.19,0.1,0.02,3.792079208,1.388188018,0,0,0,0,0,0,0,0,0,0,0,0,0,0,0,
2022/11/23,0,11,23,4,522,drive,26663,2451,0.01,0.12,0.32,0.3,0.18,0.06,0.01,3.74,1.154296322,0,0,0,0,0,0,0,0,0,0,0,0,0,0,0,
2022/11/22,0,11,22,3,521,prime,27437,2534,0.01,0.1,0.26,0.32,0.21,0.09,0.01,3.93,1.185369141,0,0,0,0,0,0,0,0,0,0,0,0,0,0,0,
2022/11/21,0,11,21,2,520,axiom,24288,2382,0,0.05,0.19,0.33,0.27,0.13,0.03,4.33,1.15805872,0,0,0,0,0,0,0,0,0,0,0,0,0,0,0,
2022/11/20,0,11,20,1,519,brave,24991,2396,0.01,0.06,0.17,0.27,0.27,0.18,0.05,4.455445545,1.308954329,0,0,0,0,0,0,0,0,0,0,0,0,0,0,0,
2022/11/19,0,11,19,7,518,avert,24749,2400,0,0.07,0.26,0.35,0.22,0.09,0.01,4.03,1.099590833,0,0,0,1,0,0,0,0,0,0,0,0,0,0,0,
2022/11/18,0,11,18,6,517,glyph,29208,2899,0,0.02,0.23,0.49,0.2,0.05,0.01,4.06,0.892412461,0,0,0,0,0,0,0,0,0,0,0,1,0,0,0,
2022/11/17,0,11,17,5,516,there,27465,2530,0,0.14,0.35,0.33,0.14,0.04,0,3.59,1.020735029,1,0,0,1,0,0,0,0,0,0,0,0,0,0,0,
2022/11/16,0,11,16,4,515,baker,25576,2541,0,0.05,0.16,0.23,0.24,0.22,0.1,4.72,1.364404632,0,0,0,1,0,0,0,0,0,0,0,0,0,0,0,
2022/11/15,0,11,15,3,514,snarl,27475,2650,0,0.05,0.21,0.31,0.24,0.15,0.04,4.35,1.219631092,0,0,0,0,0,0,0,0,0,0,0,0,0,0,0,
2022/11/14,0,11,14,2,513,maple,26536,2467,0.01,0.06,0.26,0.36,0.21,0.08,0.01,3.98989899,1.105495451,0,0,0,0,0,0,0,0,0,0,0,0,0,0,0,
2022/11/13,0,11,13,1,512,inane,25085,2515,0,0.08,0.25,0.3,0.21,0.13,0.03,4.15,1.24398553,0,0,0,0,0,0,0,0,0,0,0,0,0,0,0,
2022/11/12,0,11,12,7,511,valet,24660,2356,0,0.04,0.22,0.38,0.25,0.09,0.01,4.161616162,1.031886286,0,0,0,0,0,0,0,0,0,0,0,0,0,0,0,
2022/11/11,0,11,11,6,510,medal,25993,2438,0,0.05,0.25,0.38,0.23,0.08,0.01,4.07,1.041681333,0,0,0,0,0,0,0,0,0,0,0,0,0,0,0,
2022/11/10,0,11,10,5,509,unite,27467,2575,0.01,0.11,0.31,0.33,0.18,0.05,0.01,3.75,1.116915395,0,0,0,0,0,0,0,0,0,0,0,0,0,0,0,
2022/11/9,0,11,9,4,508,rainy,28984,2678,0.01,0.16,0.38,0.31,0.11,0.03,0.01,3.475247525,1.067930908,0,0,0,0,0,0,0,0,1,0,0,0,0,0,0,
2022/11/8,0,11,8,3,507,spell,27213,2531,0,0.04,0.24,0.37,0.24,0.09,0.01,4.131313131,1.041041288,0,0,0,0,0,0,0,0,0,0,0,0,0,0,0,
2022/11/7,0,11,7,2,506,begin,26096,2439,0,0.06,0.26,0.36,0.23,0.07,0.01,4.02020202,1.053898947,0,0,0,0,0,0,0,0,0,0,0,0,0,0,0,
2022/11/6,0,11,6,1,505,stale,31068,3013,0.02,0.19,0.3,0.27,0.15,0.06,0.02,3.594059406,1.275653339,0,0,0,0,0,0,0,0,0,0,0,0,0,0,0,
2022/11/5,0,11,5,7,504,dream,29743,2751,0.05,0.14,0.31,0.29,0.15,0.04,0.01,3.515151515,1.225681722,0,0,0,0,0,0,0,0,0,0,0,0,0,0,0,
2022/11/4,0,11,4,6,503,photo,27330,2565,0,0.05,0.34,0.43,0.15,0.03,0,3.77,0.870114935,0,0,0,0,0,0,0,0,0,0,0,1,0,0,0,
2022/11/3,0,11,3,5,502,aloud,29554,2819,0.01,0.18,0.31,0.3,0.15,0.04,0.01,3.56,1.151694404,0,0,0,0,0,1,0,0,0,0,0,0,0,0,0,
2022/11/2,0,11,2,4,501,inept,27670,2640,0,0.06,0.3,0.39,0.2,0.06,0.01,3.931372549,1.021914811,0,0,0,0,0,0,0,0,0,0,0,0,0,0,0,
2022/11/1,0,11,1,3,500,piney,27502,3667,0,0.01,0.14,0.37,0.33,0.14,0.02,4.504950495,0.991286417,0,0,0,0,0,0,0,0,0,0,0,0,0,0,0,
2022/10/31,0,10,31,2,499,aptly,26498,2572,0,0.03,0.26,0.41,0.23,0.07,0.01,4.079207921,0.981846798,0,0,0,0,0,0,0,0,0,0,0,0,0,0,0,
2022/10/30,0,10,30,1,498,waltz,24672,2496,0,0.02,0.11,0.29,0.35,0.19,0.03,4.676767677,1.062000046,0,0,0,0,0,0,0,0,0,0,0,0,0,0,0,
2022/10/29,0,10,29,7,497,libel,25156,2536,0,0.03,0.15,0.32,0.32,0.16,0.02,4.49,1.081619157,0,0,0,0,0,0,0,0,0,0,0,0,0,0,0,
2022/10/28,0,10,28,6,496,sneak,27905,2636,0,0.07,0.28,0.36,0.21,0.07,0.01,3.96,1.066958293,0,0,0,0,0,0,0,0,0,0,0,0,0,0,0,
2022/10/27,0,10,27,5,495,carry,27609,2615,0,0.04,0.22,0.35,0.24,0.12,0.03,4.27,1.138902981,0,0,0,0,0,0,0,0,0,0,0,0,0,0,0,
2022/10/26,0,10,26,4,494,flout,30063,2904,0,0.06,0.28,0.37,0.21,0.07,0.01,3.98,1.048618138,0,0,0,0,0,1,0,0,0,0,0,0,0,0,0,
2022/10/25,0,10,25,3,493,foggy,28953,2817,0,0.02,0.13,0.35,0.32,0.15,0.03,4.54,1.052805775,0,0,0,0,0,0,0,0,0,0,0,0,0,0,0,
2022/10/24,0,10,24,2,492,fault,28947,2768,0,0.07,0.27,0.35,0.22,0.08,0.01,4,1.086278049,0,0,0,0,0,0,0,0,0,0,0,0,0,0,0,
2022/10/23,0,10,23,1,491,mummy,29279,3021,0,0.01,0.04,0.14,0.27,0.37,0.18,5.475247525,1.113322202,0,0,0,0,0,0,0,0,0,0,0,0,0,0,0,
2022/10/22,0,10,22,7,490,spiel,29084,2810,0,0.07,0.32,0.36,0.19,0.06,0.01,3.881188119,1.046324342,0,0,0,0,0,0,0,0,0,0,0,0,0,0,0,
2022/10/21,0,10,21,6,489,grove,28637,2794,0,0.04,0.18,0.3,0.28,0.17,0.03,4.45,1.169401556,0,0,0,0,0,0,0,0,0,0,0,0,0,0,0,
2022/10/20,0,10,20,5,488,denim,28741,2769,0,0.05,0.29,0.4,0.2,0.05,0,3.909090909,0.943782515,0,0,0,0,0,0,1,0,0,0,0,0,0,0,0,
2022/10/19,0,10,19,4,487,quirk,28322,2794,0,0.03,0.23,0.39,0.24,0.09,0.02,4.19,1.045896744,0,0,0,0,0,0,0,0,0,0,0,0,0,0,1,
2022/10/18,0,10,18,3,486,exist,28612,2805,0,0.05,0.24,0.38,0.23,0.08,0.01,4.080808081,1.04133527,0,0,0,0,0,0,0,0,0,0,0,0,0,0,0,
2022/10/17,0,10,17,2,485,stein,31269,2965,0.01,0.12,0.34,0.32,0.16,0.05,0.01,3.683168317,1.116311936,0,0,0,0,0,0,0,0,0,0,0,0,0,0,0,
2022/10/16,0,10,16,1,484,spade,30459,2854,0.01,0.08,0.29,0.36,0.19,0.06,0.01,3.86,1.095627674,0,0,0,0,0,0,0,0,0,0,0,0,0,0,0,
2022/10/15,0,10,15,7,483,catch,30403,3123,0,0.07,0.18,0.2,0.15,0.16,0.23,4.848484848,1.622839738,0,0,1,0,0,0,0,0,0,0,0,0,0,0,0,
2022/10/14,0,10,14,6,482,floor,28906,2752,0,0.03,0.23,0.44,0.24,0.06,0,4.07,0.908350153,0,0,0,0,0,0,0,0,0,0,0,0,0,0,0,
2022/10/13,0,10,13,5,481,equal,27197,2677,0,0.05,0.23,0.35,0.25,0.11,0.02,4.198019802,1.117101997,0,0,0,0,0,0,0,0,0,0,0,0,0,0,1,
2022/10/12,0,10,12,4,480,ionic,29151,2947,0,0.02,0.13,0.25,0.28,0.21,0.11,4.86,1.25713961,0,0,0,0,0,0,0,0,0,0,0,0,0,0,0,
2022/10/11,0,10,11,3,479,valid,28575,2752,0,0.04,0.28,0.38,0.21,0.08,0.01,4.04,1.028785692,0,0,0,0,0,0,0,0,0,0,0,0,0,0,0,
2022/10/10,1,10,10,2,478,enjoy,26878,2654,0,0.03,0.12,0.29,0.33,0.2,0.03,4.64,1.10923397,0,0,0,0,0,0,1,0,0,0,0,0,0,0,0,
2022/10/9,0,10,9,1,477,howdy,28408,2668,0,0.02,0.13,0.32,0.32,0.17,0.04,4.61,1.094486181,0,0,0,0,0,0,0,0,0,0,0,0,0,0,0,
2022/10/8,0,10,8,7,476,vigor,26905,2642,0,0.02,0.15,0.35,0.31,0.14,0.02,4.464646465,1.037801983,0,0,0,0,0,0,0,0,0,0,0,0,0,0,0,
2022/10/7,0,10,7,6,475,dandy,29026,2840,0,0.02,0.11,0.23,0.29,0.24,0.11,4.95,1.235920709,0,0,0,0,0,0,0,0,0,0,0,0,0,0,0,
2022/10/6,0,10,6,5,474,sloth,32522,2987,0.01,0.1,0.38,0.34,0.13,0.03,0,3.575757576,0.975362239,1,0,0,0,0,0,0,0,0,0,0,0,0,0,0,
2022/10/5,0,10,5,4,473,marxh,30935,2885,0,0.09,0.3,0.35,0.19,0.06,0.01,3.86,1.077218641,0,0,0,0,0,0,0,0,0,0,0,0,0,0,0,
2022/10/4,0,10,4,3,472,bough,32014,3060,0,0.03,0.17,0.35,0.28,0.13,0.03,4.404040404,1.100222126,0,0,0,0,0,1,0,0,0,0,0,0,0,0,0,
2022/10/3,0,10,3,2,471,sting,32288,2969,0.01,0.1,0.3,0.33,0.18,0.08,0.02,3.87254902,1.193705457,0,0,0,0,1,0,0,0,0,0,0,0,0,0,0,
2022/10/2,0,10,2,1,470,twine,30088,2775,0,0.06,0.28,0.4,0.2,0.05,0.01,3.93,1.002546757,0,0,0,0,0,0,0,0,0,0,0,0,0,0,0,
2022/10/1,0,10,1,7,469,leave,28202,2696,0,0.04,0.16,0.34,0.31,0.12,0.01,4.346938776,1.050772707,0,0,0,0,0,0,0,0,0,0,0,0,0,0,0,
2022/9/30,0,9,30,6,468,scorn,31223,2859,0,0.08,0.31,0.35,0.2,0.06,0.01,3.881188119,1.065081494,0,0,0,0,0,0,0,0,0,0,0,0,0,0,0,
2022/9/29,0,9,29,5,467,scald,30477,2829,0,0.04,0.23,0.36,0.24,0.11,0.02,4.21,1.098134782,0,0,0,0,0,0,0,0,0,0,0,0,0,0,0,
2022/9/28,0,9,28,4,466,usurp,31355,3007,0,0.03,0.21,0.38,0.26,0.09,0.01,4.204081633,1.009740153,0,0,0,0,0,0,0,0,0,0,0,0,0,0,0,
2022/9/27,0,9,27,3,465,soggy,30985,2888,0,0.02,0.18,0.38,0.28,0.11,0.02,4.343434343,1.026533011,0,0,0,0,0,0,0,0,0,0,0,0,0,0,0,
2022/9/26,0,9,26,2,464,brisk,31706,2884,0,0.05,0.23,0.38,0.24,0.07,0.01,4.081632653,1.02691801,0,0,0,0,0,0,0,0,0,0,0,0,0,0,0,
2022/9/25,0,9,25,1,463,admit,28994,2677,0,0.1,0.25,0.34,0.22,0.08,0.01,3.96,1.130663522,0,0,0,0,0,0,0,0,0,0,0,0,0,0,0,
2022/9/24,0,9,24,7,462,grate,32777,3077,0.01,0.14,0.29,0.28,0.16,0.08,0.03,3.808080808,1.292376776,0,0,0,0,0,0,0,0,0,0,0,0,0,0,0,
2022/9/23,0,9,23,6,461,glory,31509,2893,0,0.06,0.3,0.39,0.19,0.05,0,3.868686869,0.960286833,0,0,0,0,0,0,0,0,0,0,0,0,0,0,0,
2022/9/22,0,9,22,5,460,saint,34455,3119,0.01,0.14,0.35,0.29,0.15,0.05,0.01,3.62,1.138244262,0,0,0,0,0,0,0,0,1,0,0,0,0,0,0,
2022/9/21,0,9,21,4,459,recap,31976,2900,0,0.05,0.3,0.35,0.21,0.08,0.01,4,1.058300524,0,0,0,0,0,0,0,0,0,0,0,0,0,0,0,
2022/9/20,0,9,20,3,458,alike,31277,2843,0,0.06,0.2,0.33,0.27,0.12,0.02,4.25,1.143459663,0,0,0,0,0,0,0,0,0,0,0,0,0,0,0,
2022/9/19,0,9,19,2,457,trice,35050,3430,0,0.05,0.24,0.25,0.18,0.17,0.11,4.51,1.424745591,0,0,0,0,0,0,0,0,0,0,0,0,0,0,0,
2022/9/18,0,9,18,1,456,stick,33102,3038,0.01,0.09,0.36,0.35,0.14,0.04,0,3.646464646,0.998110653,0,0,0,0,0,0,0,0,0,0,0,0,0,0,0,
2022/9/17,0,9,17,7,455,chute,33418,3073,0,0.11,0.37,0.36,0.12,0.03,0,3.585858586,0.942917255,0,0,1,0,0,0,0,0,0,0,0,0,0,0,0,
2022/9/16,0,9,16,6,454,parer,37309,4130,0,0,0.04,0.11,0.15,0.22,0.48,5.99,1.195784261,0,0,0,1,0,0,0,0,0,0,0,0,0,0,0,
2022/9/15,0,9,15,5,453,doubt,33344,3011,0.01,0.12,0.32,0.34,0.16,0.04,0,3.646464646,1.047489845,0,0,0,0,0,1,0,0,0,0,0,0,0,0,0,
2022/9/14,0,9,14,4,452,thyme,32142,2938,0.01,0.05,0.24,0.41,0.23,0.05,0,3.95959596,0.98390268,1,0,0,0,0,0,0,0,0,0,0,0,0,0,0,
2022/9/13,0,9,13,3,451,alpha,29497,2706,0,0.03,0.19,0.4,0.28,0.09,0.01,4.24,0.991160935,0,0,0,0,0,0,0,0,0,0,0,1,0,0,0,
2022/9/12,0,9,12,2,450,booze,29147,2883,0,0.01,0.07,0.27,0.38,0.23,0.04,4.87,1.006528688,0,0,0,0,0,0,0,0,0,0,0,0,0,0,0,
2022/9/11,0,9,11,1,449,tibia,27887,2675,0,0.01,0.14,0.4,0.3,0.12,0.02,4.444444444,0.976721192,0,0,0,0,0,0,0,0,0,0,0,0,0,0,0,
2022/9/10,0,9,10,7,448,lofty,29237,2777,0,0.04,0.19,0.34,0.27,0.13,0.03,4.35,1.134680572,0,0,0,0,0,0,0,0,0,0,0,0,0,0,0,
2022/9/9,0,9,9,6,447,theme,32172,2909,0,0.08,0.29,0.4,0.18,0.04,0,3.808080808,0.96060553,1,0,0,0,0,0,0,0,0,0,0,0,0,0,0,
2022/9/8,0,9,8,5,446,class,31962,3001,0,0.04,0.21,0.32,0.22,0.13,0.07,4.404040404,1.262666666,0,0,0,0,0,0,0,0,0,0,0,0,0,0,0,
2022/9/7,0,9,7,4,445,leery,30992,2873,0,0.03,0.17,0.37,0.28,0.12,0.02,4.353535354,1.057088925,0,0,0,1,0,0,0,0,0,0,0,0,0,0,0,
2022/9/6,0,9,6,3,444,taunt,32734,3022,0,0.04,0.19,0.27,0.21,0.16,0.13,4.65,1.395528574,0,0,0,0,0,0,0,0,0,0,0,0,0,0,0,
2022/9/5,2,9,5,2,443,whoop,32733,2970,0,0.01,0.16,0.47,0.29,0.07,0.01,4.277227723,0.880130637,0,0,0,0,0,0,0,0,0,0,0,0,0,0,0,
2022/9/4,0,9,4,1,442,inter,32018,2889,0,0.06,0.25,0.36,0.23,0.08,0.01,4.050505051,1.067175422,0,0,0,1,0,0,0,0,0,0,0,0,0,0,0,
2022/9/3,0,9,3,7,441,gully,31191,2877,0,0.01,0.09,0.27,0.31,0.25,0.07,4.91,1.114405671,0,0,0,0,0,0,0,0,0,0,0,0,0,0,0,
2022/9/2,0,9,2,6,440,charm,35724,3149,0.01,0.12,0.32,0.34,0.16,0.05,0.01,3.702970297,1.112881858,0,0,1,0,0,0,0,0,0,0,0,0,0,0,0,
2022/9/1,0,9,1,5,439,fungi,31903,2928,0,0.02,0.18,0.41,0.28,0.09,0.01,4.272727273,0.962091386,0,0,0,0,0,0,0,0,0,0,0,0,0,0,0,
2022/8/31,0,8,31,4,438,prize,35343,3166,0,0.05,0.12,0.2,0.32,0.26,0.05,4.77,1.239798371,0,0,0,0,0,0,0,0,0,0,0,0,0,0,0,
2022/8/30,0,8,30,3,437,onset,33660,3009,0,0.04,0.29,0.4,0.21,0.06,0.01,3.99009901,0.989999995,0,0,0,0,0,0,0,0,0,0,0,0,0,0,0,
2022/8/29,0,8,29,2,436,chief,34281,3072,0.01,0.06,0.32,0.38,0.18,0.05,0,3.81,0.996945335,0,0,1,0,0,0,0,0,0,0,0,0,0,0,0,
2022/8/28,0,8,28,1,435,gauze,30214,2866,0,0.02,0.11,0.24,0.31,0.25,0.08,4.891089109,1.184896621,0,0,0,0,0,0,0,0,0,0,0,0,0,0,0,
2022/8/27,0,8,27,7,434,ruder,31241,2784,0,0.02,0.16,0.33,0.29,0.16,0.04,4.53,1.117631424,0,0,0,1,0,0,0,0,0,0,0,0,0,0,0,
2022/8/26,0,8,26,6,433,irony,34716,3046,0,0.06,0.29,0.34,0.21,0.08,0.01,3.98989899,1.07773565,0,0,0,0,0,0,0,0,0,0,0,0,0,0,0,
2022/8/25,0,8,25,5,432,clown,36737,3175,0.01,0.08,0.29,0.36,0.2,0.06,0.01,3.871287129,1.096017691,0,0,0,0,0,0,0,0,0,0,0,0,0,0,0,
2022/8/24,0,8,24,4,431,needy,33700,2927,0,0.02,0.21,0.41,0.26,0.09,0.01,4.22,0.975499872,0,0,0,0,0,0,0,0,0,0,0,0,0,0,0,
2022/8/23,0,8,23,3,430,woven,33549,2933,0,0.02,0.13,0.32,0.32,0.17,0.03,4.585858586,1.073181817,0,0,0,0,0,0,1,0,0,0,0,0,0,0,0,
2022/8/22,0,8,22,2,429,merit,35888,3123,0,0.07,0.33,0.37,0.17,0.05,0,3.797979798,0.974210874,0,0,0,1,0,0,0,0,0,0,0,0,0,0,0,
2022/8/21,0,8,21,1,428,waste,35617,3186,0.01,0.07,0.19,0.27,0.24,0.17,0.05,4.37,1.339066839,0,0,0,0,0,0,0,0,0,0,0,0,0,0,0,
2022/8/20,0,8,20,7,427,treat,38245,3249,0.01,0.22,0.32,0.26,0.14,0.05,0.01,3.485148515,1.199123949,0,0,0,0,0,0,0,0,0,0,0,0,0,0,0,
2022/8/19,0,8,19,6,426,shrug,33965,2987,0,0.04,0.23,0.36,0.26,0.1,0.01,4.18,1.052425769,0,1,0,0,0,0,0,0,0,0,0,0,0,0,0,
2022/8/18,0,8,18,5,425,twang,34938,3172,0,0.03,0.22,0.43,0.25,0.07,0.01,4.138613861,0.965029143,0,0,0,0,0,0,0,0,0,0,0,0,0,0,0,
2022/8/17,0,8,17,4,424,twice,35815,3173,0.01,0.06,0.28,0.38,0.21,0.06,0.01,3.930693069,1.064805339,0,0,0,0,0,0,0,0,0,0,0,0,0,0,0,
2022/8/16,0,8,16,3,423,gruel,35105,3087,0,0.03,0.19,0.39,0.29,0.09,0.01,4.25,0.993730346,0,0,0,0,0,0,0,0,0,0,0,0,0,0,0,
2022/8/15,0,8,15,2,422,poker,35376,3180,0,0.04,0.17,0.3,0.27,0.17,0.05,4.51,1.212394325,0,0,0,1,0,0,0,0,0,0,0,0,0,0,0,
2022/8/14,0,8,14,1,421,khaki,31652,2968,0,0.02,0.17,0.33,0.28,0.16,0.04,4.51,1.126898398,0,0,0,0,0,0,0,0,0,0,0,0,0,0,0,
2022/8/13,0,8,13,7,420,hunky,35276,3185,0,0.01,0.11,0.33,0.25,0.22,0.07,4.777777778,1.15080609,0,0,0,0,0,0,0,0,0,0,0,0,0,0,0,
2022/8/12,0,8,12,6,419,label,34198,3076,0,0.04,0.18,0.32,0.29,0.15,0.02,4.39,1.121561412,0,0,0,0,0,0,0,0,0,0,0,0,0,0,0,
2022/8/11,0,8,11,5,418,glean,37301,3243,0,0.06,0.23,0.37,0.24,0.08,0.01,4.080808081,1.060557959,0,0,0,0,0,0,0,0,0,0,0,0,0,0,0,
2022/8/10,0,8,10,4,417,cling,37654,3312,0,0.04,0.2,0.34,0.27,0.13,0.02,4.31,1.110810515,0,0,0,0,1,0,0,0,0,0,0,0,0,0,0,
2022/8/9,0,8,9,3,416,patty,36223,3019,0,0.02,0.16,0.39,0.29,0.12,0.01,4.363636364,0.989383498,0,0,0,0,0,0,0,0,0,0,0,0,0,0,0,
2022/8/8,0,8,8,2,415,unfit,35516,3187,0,0.03,0.24,0.38,0.25,0.09,0.01,4.16,1.017054571,0,0,0,0,0,0,0,0,0,0,0,0,0,0,0,
2022/8/7,0,8,7,1,414,smear,36223,3190,0,0.02,0.16,0.39,0.29,0.12,0.02,4.39,1.018773773,0,0,0,0,0,0,0,0,0,0,0,0,0,0,0,
2022/8/6,0,8,6,7,413,alien,38841,3395,0.03,0.17,0.31,0.29,0.15,0.04,0,3.484848485,1.149120317,0,0,0,0,0,0,1,0,0,0,0,0,0,0,0,
2022/8/5,0,8,5,6,412,buggy,37350,3428,0,0.01,0.09,0.29,0.34,0.22,0.05,4.82,1.061885116,0,0,0,0,0,0,0,0,0,0,0,0,0,0,0,
2022/8/4,0,8,4,5,411,rhyme,37229,3336,0,0.04,0.22,0.39,0.25,0.08,0.01,4.141414141,1.015138952,0,0,0,0,0,0,0,0,0,0,0,0,0,0,0,
2022/8/3,0,8,3,4,410,youth,38381,3327,0.01,0.05,0.17,0.31,0.29,0.15,0.03,4.376237624,1.209299651,1,0,0,0,0,1,0,0,0,0,0,0,0,0,0,
2022/8/2,0,8,2,3,409,coyly,34909,3380,0,0,0.04,0.17,0.28,0.35,0.15,5.404040404,1.062864359,0,0,0,0,0,0,0,0,0,0,0,0,0,0,0,
2022/8/1,0,8,1,2,408,quart,36662,3303,0,0.05,0.2,0.33,0.27,0.13,0.02,4.29,1.133975308,0,0,0,0,0,0,0,0,0,0,0,0,0,0,1,
2022/7/31,0,7,31,1,407,cramp,39250,3369,0.01,0.08,0.26,0.33,0.19,0.1,0.02,4,1.206045378,0,0,0,0,0,0,0,0,0,0,0,0,0,0,0,
2022/7/30,0,7,30,7,406,bluff,37353,3171,0,0.02,0.14,0.42,0.31,0.1,0.01,4.36,0.943610089,0,0,0,0,0,0,0,0,0,0,0,0,0,0,0,
2022/7/29,0,7,29,6,405,upset,37791,3213,0,0.05,0.3,0.38,0.2,0.06,0.01,3.95,1.013656747,0,0,0,0,0,0,0,0,0,0,0,0,0,0,0,
2022/7/28,0,7,28,5,404,stomp,40650,3490,0,0.07,0.26,0.32,0.21,0.11,0.02,4.090909091,1.172848635,0,0,0,0,0,0,0,0,0,0,0,0,0,0,0,
2022/7/27,0,7,27,4,403,motto,38384,3285,0,0.01,0.11,0.36,0.36,0.14,0.01,4.545454545,0.934984765,0,0,0,0,0,0,0,0,0,0,0,0,0,0,0,
2022/7/26,0,7,26,3,402,cinch,39171,3507,0,0.02,0.15,0.24,0.22,0.25,0.13,4.910891089,1.328283415,0,0,1,0,0,0,0,0,0,0,0,0,0,0,0,
2022/7/25,0,7,25,2,401,elope,39228,3339,0,0.04,0.22,0.32,0.26,0.13,0.02,4.282828283,1.128513853,0,0,0,0,0,0,0,0,0,0,0,0,0,0,0,
2022/7/24,0,7,24,1,400,power,39813,3401,0.02,0.06,0.19,0.29,0.24,0.15,0.04,4.292929293,1.320028506,0,0,0,1,0,0,0,0,0,0,0,0,0,0,0,
2022/7/23,0,7,23,7,399,midge,36769,3111,0,0.02,0.18,0.39,0.28,0.1,0.02,4.323232323,1.013328178,0,0,0,0,0,0,0,0,0,0,0,0,0,0,0,
2022/7/22,0,7,22,6,398,tryst,43099,3665,0,0.03,0.26,0.41,0.23,0.06,0.01,4.06,0.967677632,0,0,0,0,0,0,0,0,0,0,0,0,0,0,0,
2022/7/21,0,7,21,5,397,aphid,39086,3367,0,0.06,0.24,0.36,0.23,0.09,0.02,4.11,1.112609545,0,0,0,0,0,0,0,0,0,0,0,1,0,0,0,
2022/7/20,0,7,20,4,396,trite,42237,3685,0,0.04,0.14,0.22,0.22,0.23,0.15,4.91,1.400678407,0,0,0,0,0,0,0,0,0,0,0,0,0,0,0,
2022/7/19,0,7,19,3,395,angry,39667,3358,0,0.05,0.27,0.38,0.21,0.07,0.01,4.01010101,1.029807764,0,0,0,0,0,0,0,0,0,0,0,0,0,0,0,
2022/7/18,0,7,18,2,394,flock,42574,3548,0,0.04,0.22,0.37,0.27,0.09,0.01,4.18,1.033247308,0,0,0,0,0,0,0,0,0,0,0,0,0,0,0,
2022/7/17,0,7,17,1,393,wacky,39611,3345,0,0.03,0.18,0.39,0.27,0.1,0.02,4.292929293,1.037211932,0,0,0,0,0,0,0,0,0,0,0,0,0,0,0,
2022/7/16,0,7,16,7,392,roomy,38769,3280,0,0.02,0.17,0.41,0.28,0.1,0.02,4.33,1.000549849,0,0,0,0,0,0,0,0,0,0,0,0,0,0,0,
2022/7/15,0,7,15,6,391,wedge,39234,3353,0,0.02,0.11,0.32,0.37,0.17,0.02,4.613861386,1.014452952,0,0,0,0,0,0,0,0,0,0,0,0,0,0,0,
2022/7/14,0,7,14,5,390,liver,40549,3388,0,0.04,0.16,0.26,0.25,0.2,0.08,4.656565657,1.296160735,0,0,0,1,0,0,0,0,0,0,0,0,0,0,0,
2022/7/13,0,7,13,4,389,bland,46246,3727,0,0.07,0.31,0.38,0.18,0.04,0,3.806122449,0.954668051,0,0,0,0,0,0,0,0,0,0,0,0,0,0,0,
2022/7/12,0,7,12,3,388,night,46910,3870,0.01,0.08,0.27,0.27,0.17,0.13,0.07,4.18,1.40271166,0,0,0,0,0,0,0,0,0,0,0,0,0,0,0,
2022/7/11,0,7,11,2,387,madam,40545,3430,0,0.03,0.13,0.35,0.34,0.14,0.02,4.485148515,1.039933941,0,0,0,0,0,0,0,0,0,0,0,0,0,0,0,
2022/7/10,0,7,10,1,386,berth,41785,3494,0,0.07,0.24,0.35,0.24,0.09,0.01,4.07,1.097770468,1,0,0,1,0,0,0,0,0,0,0,0,0,0,0,
2022/7/9,0,7,9,7,385,stead,47094,3933,0.01,0.06,0.2,0.27,0.28,0.16,0.03,4.336633663,1.260812466,0,0,0,0,0,0,0,0,0,0,0,0,0,0,0,
2022/7/8,0,7,8,6,384,voice,42806,3484,0.01,0.05,0.24,0.35,0.25,0.09,0.01,4.09,1.105395857,0,0,0,0,0,0,0,0,0,0,0,0,0,0,0,
2022/7/7,0,7,7,5,383,agape,43407,3671,0,0.02,0.18,0.36,0.27,0.15,0.03,4.435643564,1.093779365,0,0,0,0,0,0,0,0,0,0,0,0,0,0,0,
2022/7/6,0,7,6,4,382,fluff,47344,4049,0,0,0.04,0.25,0.44,0.23,0.04,4.98,0.894203556,0,0,0,0,0,0,0,0,0,0,0,0,0,0,0,
2022/7/5,0,7,5,3,381,field,44578,3604,0.01,0.06,0.25,0.36,0.23,0.09,0.01,4.03960396,1.116224117,0,0,0,0,0,0,0,0,0,0,0,0,0,0,0,
2022/7/4,2,7,4,2,380,sever,42645,3591,0,0.02,0.13,0.27,0.29,0.21,0.07,4.757575758,1.189948722,0,0,0,1,0,0,0,0,0,0,0,0,0,0,0,
2022/7/3,0,7,3,1,379,lilac,40486,3461,0,0.02,0.17,0.38,0.29,0.12,0.01,4.353535354,0.998110653,0,0,0,0,0,0,0,0,0,0,0,0,0,0,0,
2022/7/2,0,7,2,7,378,egret,41765,3515,0,0.03,0.14,0.33,0.33,0.15,0.02,4.49,1.062967544,0,0,0,0,0,0,0,0,0,0,0,0,0,0,0,
2022/7/1,0,7,1,6,377,pinto,47248,3792,0,0.05,0.25,0.41,0.22,0.06,0.01,4.02,0.99979998,0,0,0,0,0,0,0,0,0,0,0,0,0,0,0,
2022/6/30,0,6,30,5,376,hutch,44212,3758,0,0.01,0.12,0.28,0.28,0.21,0.09,4.838383838,1.186685995,0,0,1,0,0,0,0,0,0,0,0,0,0,0,0,
2022/6/29,0,6,29,4,375,gawky,45645,3957,0,0.01,0.05,0.22,0.33,0.28,0.1,5.131313131,1.08847465,0,0,0,0,0,0,0,0,0,0,0,0,0,0,0,
2022/6/28,0,6,28,3,374,droll,47312,3844,0,0.02,0.16,0.31,0.31,0.17,0.03,4.54,1.099272487,0,0,0,0,0,0,0,0,0,0,0,0,0,0,0,
2022/6/27,0,6,27,2,373,retro,47986,3848,0,0.06,0.24,0.35,0.24,0.09,0.01,4.090909091,1.083306844,0,0,0,0,0,0,0,0,0,0,0,0,0,0,0,
2022/6/26,0,6,26,1,372,rusty,50450,3954,0,0.09,0.37,0.34,0.13,0.05,0.01,3.707070707,1.037211932,0,0,0,0,0,0,0,0,0,0,0,0,0,0,0,
2022/6/25,0,6,25,7,371,beady,46089,3670,0,0.03,0.19,0.39,0.29,0.1,0.01,4.267326733,1.003864701,0,0,0,0,0,0,0,0,0,0,0,0,0,0,0,
2022/6/24,0,6,24,6,370,smite,50617,3991,0,0.06,0.23,0.35,0.24,0.11,0.02,4.168316832,1.135121635,0,0,0,0,0,0,0,0,0,0,0,0,0,0,0,
2022/6/23,0,6,23,5,369,brink,53111,4118,0,0.04,0.22,0.41,0.24,0.07,0.01,4.111111111,0.99380799,0,0,0,0,0,0,0,0,0,0,0,0,0,0,0,
2022/6/22,0,6,22,4,368,awful,47645,3861,0,0.05,0.21,0.33,0.27,0.12,0.02,4.26,1.128007092,0,0,0,0,0,0,0,0,0,0,0,0,0,0,0,
2022/6/21,0,6,21,3,367,gloat,53342,4194,0,0.08,0.21,0.31,0.26,0.12,0.02,4.19,1.189075271,0,0,0,0,0,0,0,0,0,0,0,0,0,0,0,
2022/6/20,0,6,20,2,366,input,50484,3950,0,0.05,0.3,0.38,0.21,0.06,0.01,3.96039604,1.013969672,0,0,0,0,0,0,0,0,0,0,0,0,0,0,0,
2022/6/19,1,6,19,1,365,loser,55359,4399,0.01,0.1,0.28,0.32,0.19,0.08,0.02,3.9,1.204159458,0,0,0,1,0,0,0,0,0,0,0,0,0,0,0,
2022/6/18,0,6,18,7,364,cacao,47205,4101,0,0.01,0.09,0.27,0.36,0.23,0.04,4.83,1.039759588,0,0,0,0,0,0,0,0,0,0,0,0,0,0,0,
2022/6/17,1,6,17,6,363,blown,54665,4251,0,0.06,0.23,0.35,0.26,0.1,0.01,4.138613861,1.0902784,0,0,0,0,0,0,0,0,0,0,0,0,0,0,0,
2022/6/16,0,6,16,5,362,apron,53430,4112,0,0.07,0.3,0.38,0.19,0.05,0.01,3.88,1.022545842,0,0,0,0,0,0,0,0,0,0,0,0,0,0,0,
2022/6/15,0,6,15,4,361,primo,55989,4391,0,0.03,0.22,0.38,0.25,0.1,0.02,4.23,1.056929515,0,0,0,0,0,0,0,0,0,0,0,0,0,0,0,
2022/6/14,0,6,14,3,360,atone,59968,4762,0.02,0.16,0.34,0.29,0.14,0.04,0.01,3.53,1.152865994,0,0,0,0,0,0,0,0,0,0,0,0,0,0,0,
2022/6/13,0,6,13,2,359,donor,53802,4142,0,0.03,0.27,0.38,0.23,0.07,0.01,4.070707071,0.997497123,0,0,0,0,0,0,0,0,0,0,0,0,0,0,0,
2022/6/12,0,6,12,1,358,float,56684,4323,0.01,0.12,0.3,0.32,0.18,0.06,0.01,3.76,1.149956521,0,0,0,0,0,0,0,0,0,0,0,0,0,0,0,
2022/6/11,0,6,11,7,357,goose,51958,4087,0,0.02,0.12,0.28,0.32,0.21,0.05,4.73,1.130088492,0,0,0,0,0,0,0,0,0,0,0,0,0,0,0,
2022/6/10,0,6,10,6,356,piety,55376,4324,0,0.04,0.25,0.41,0.22,0.07,0.01,4.06,0.998198377,0,0,0,0,0,0,0,0,0,0,0,0,0,0,0,
2022/6/9,0,6,9,5,355,girth,60020,4665,0,0.06,0.23,0.33,0.23,0.12,0.03,4.21,1.18570654,1,0,0,0,0,0,0,0,0,0,0,0,0,0,0,
2022/6/8,0,6,8,4,354,trait,61026,4607,0,0.06,0.22,0.35,0.24,0.11,0.02,4.18,1.134724636,0,0,0,0,0,0,0,0,1,0,0,0,0,0,0,
2022/6/7,0,6,7,3,353,flood,58991,4440,0,0.03,0.2,0.4,0.28,0.08,0.01,4.21,0.982802116,0,0,0,0,0,0,0,0,0,0,0,0,0,0,0,
2022/6/6,0,6,6,2,352,gloom,58478,4548,0,0.02,0.14,0.35,0.35,0.13,0.01,4.46,0.984073168,0,0,0,0,0,0,0,0,0,0,0,0,0,0,0,
2022/6/5,0,6,5,1,351,depth,56738,4329,0,0.06,0.28,0.39,0.2,0.06,0.01,3.95,1.023474475,1,0,0,0,0,0,0,0,0,0,0,0,0,0,0,
2022/6/4,0,6,4,7,350,froth,58263,4432,0,0.05,0.22,0.35,0.25,0.11,0.01,4.181818182,1.08584684,1,0,0,0,0,0,0,0,0,0,0,0,0,0,0,
2022/6/3,0,6,3,6,349,peach,65431,4957,0.01,0.13,0.38,0.32,0.13,0.03,0,3.52,1.004788535,0,0,1,0,0,0,0,0,0,0,0,0,0,0,0,
2022/6/2,0,6,2,5,348,showy,61278,4770,0,0.02,0.16,0.37,0.3,0.13,0.02,4.42,1.031309847,0,1,0,0,0,0,0,0,0,0,0,0,0,0,0,
2022/6/1,0,6,1,4,347,creak,63241,4797,0,0.05,0.21,0.32,0.25,0.14,0.03,4.31,1.180635422,0,0,0,0,0,0,0,0,0,0,0,0,0,0,0,
2022/5/31,0,5,31,3,346,manor,62768,4802,0,0.06,0.27,0.34,0.21,0.1,0.02,4.08,1.137365377,0,0,0,0,0,0,0,0,0,0,0,0,0,0,0,
2022/5/30,2,5,30,2,345,atoll,60969,4741,0,0.06,0.28,0.36,0.21,0.08,0.01,4,1.067707825,0,0,0,0,0,0,0,0,0,0,0,0,0,0,0,
2022/5/29,0,5,29,1,344,bayou,56839,4435,0,0.06,0.17,0.33,0.29,0.13,0.02,4.32,1.139122469,0,0,0,0,0,1,0,0,0,0,0,0,0,0,0,
2022/5/28,0,5,28,7,343,crept,60069,4562,0,0.04,0.27,0.38,0.22,0.07,0.01,4.04040404,1.014233969,0,0,0,0,0,0,0,0,0,0,0,0,0,0,0,
2022/5/27,0,5,27,6,342,tiara,63846,4842,0,0.08,0.36,0.33,0.17,0.06,0.01,3.801980198,1.06259352,0,0,0,0,0,0,0,0,0,0,0,0,0,0,0,
2022/5/26,0,5,26,5,341,asset,63188,4733,0,0.07,0.28,0.34,0.21,0.08,0.01,3.97979798,1.09156359,0,0,0,0,0,0,0,0,0,0,0,0,0,0,0,
2022/5/25,0,5,25,4,340,vouch,62723,4835,0,0.02,0.09,0.25,0.33,0.24,0.06,4.868686869,1.124982286,0,0,1,0,0,1,0,0,0,0,0,0,0,0,0,
2022/5/24,0,5,24,3,339,album,63380,4809,0,0.05,0.26,0.35,0.24,0.09,0.01,4.09,1.068597211,0,0,0,0,0,0,0,0,0,0,0,0,0,0,0,
2022/5/23,0,5,23,2,338,hinge,66431,4906,0,0.05,0.25,0.37,0.22,0.09,0.02,4.11,1.094486181,0,0,0,0,1,0,0,0,0,0,0,0,0,0,0,
2022/5/22,0,5,22,1,337,money,67909,4928,0.01,0.07,0.26,0.36,0.21,0.08,0.01,3.97,1.117631424,0,0,0,0,0,0,0,0,0,0,0,0,0,0,0,
2022/5/21,0,5,21,7,336,scrap,66814,4973,0.01,0.09,0.28,0.34,0.2,0.08,0.01,3.900990099,1.14757558,0,0,0,0,0,0,0,0,0,0,0,0,0,0,0,
2022/5/20,0,5,20,6,335,gamer,69884,5238,0.01,0.04,0.17,0.28,0.26,0.18,0.06,4.52,1.292130024,0,0,0,1,0,0,0,0,0,0,0,0,0,0,0,
2022/5/19,0,5,19,5,334,glass,70920,5162,0,0.04,0.19,0.33,0.27,0.14,0.03,4.37,1.145905755,0,0,0,0,0,0,0,0,0,0,0,0,0,0,0,
2022/5/18,0,5,18,4,333,scour,73933,5544,0,0.08,0.34,0.35,0.17,0.05,0.01,3.8,1.039230485,0,0,0,0,0,1,0,0,0,0,0,0,0,0,0,
2022/5/17,0,5,17,3,332,being,70722,5142,0,0.04,0.22,0.37,0.26,0.1,0.01,4.19,1.045896744,0,0,0,0,1,0,0,0,0,0,0,0,0,0,0,
2022/5/16,0,5,16,2,331,delve,68349,5179,0,0.02,0.14,0.32,0.33,0.16,0.02,4.535353535,1.047489845,0,0,0,0,0,0,0,0,0,0,0,0,0,0,0,
2022/5/15,0,5,15,1,330,yield,67115,4963,0,0.04,0.16,0.29,0.29,0.18,0.04,4.53,1.18705518,0,0,0,0,0,0,0,0,0,0,0,0,0,0,0,
2022/5/14,0,5,14,7,329,metal,73225,5290,0.01,0.1,0.31,0.34,0.18,0.07,0.01,3.81372549,1.135267025,0,0,0,0,0,0,0,0,0,0,0,0,0,0,0,
2022/5/13,0,5,13,6,328,tipsy,77585,5522,0,0.06,0.33,0.38,0.17,0.05,0.01,3.85,1.003742995,0,0,0,0,0,0,0,0,0,0,0,0,0,0,0,
2022/5/12,0,5,12,5,327,slung,75673,5419,0,0.02,0.16,0.37,0.31,0.13,0.02,4.425742574,1.02779717,0,0,0,0,0,0,0,0,0,0,0,0,0,0,0,
2022/5/11,0,5,11,4,326,farce,79446,5688,0,0.09,0.26,0.32,0.21,0.09,0.01,3.979591837,1.142674913,0,0,0,0,0,0,0,0,0,0,0,0,0,0,0,
2022/5/10,0,5,10,3,325,gecko,74412,5489,0,0.02,0.16,0.38,0.29,0.12,0.02,4.393939394,1.023148062,0,0,0,0,0,0,0,0,0,0,0,0,0,0,0,
2022/5/9,0,5,9,2,324,shine,88932,6146,0.01,0.14,0.32,0.3,0.17,0.06,0.01,3.693069307,1.166721515,0,1,0,0,0,0,0,0,0,0,0,0,0,0,0,
2022/5/8,1,5,8,1,323,canny,72518,5256,0,0.02,0.1,0.3,0.34,0.2,0.04,4.72,1.077775487,0,0,0,0,0,0,0,0,0,0,0,0,0,0,0,
2022/5/7,0,5,7,7,322,midst,74458,5233,0,0.03,0.25,0.39,0.24,0.09,0.01,4.138613861,1.015032585,0,0,0,0,0,0,0,0,0,0,0,0,0,0,0,
2022/5/6,0,5,6,6,321,badge,76292,5482,0,0.04,0.2,0.35,0.26,0.12,0.02,4.282828283,1.101334398,0,0,0,0,0,0,0,0,0,0,0,0,0,0,0,
2022/5/5,0,5,5,5,320,homer,85979,6313,0,0.03,0.16,0.26,0.24,0.19,0.12,4.76,1.335065541,0,0,0,1,0,0,0,0,0,0,0,0,0,0,0,
2022/5/4,0,5,4,4,319,train,107750,7243,0.06,0.26,0.32,0.22,0.1,0.03,0,3.131313131,1.177623567,0,0,0,0,0,0,0,0,1,0,0,0,0,0,0,
2022/5/3,0,5,3,3,318,hairy,85817,5941,0.01,0.08,0.24,0.33,0.23,0.1,0.01,4.03,1.170085467,0,0,0,0,0,0,0,0,1,0,0,0,0,0,0,
2022/5/2,0,5,2,2,317,story,95643,6530,0.01,0.1,0.23,0.29,0.24,0.11,0.02,4.06,1.255547689,0,0,0,0,0,0,0,0,0,0,0,0,0,0,0,
2022/5/1,0,5,1,1,316,forgo,77658,5699,0,0.01,0.09,0.26,0.37,0.23,0.03,4.818181818,1.018650686,0,0,0,0,0,0,0,0,0,0,0,0,0,0,0,
2022/4/30,0,4,30,7,315,larva,77991,5749,0,0.02,0.1,0.25,0.35,0.23,0.04,4.797979798,1.09156359,0,0,0,0,0,0,0,0,0,0,0,0,0,0,0,
2022/4/29,0,4,29,6,314,tash,106652,7001,0.02,0.19,0.34,0.27,0.13,0.04,0.01,3.46,1.169786305,0,1,0,0,0,0,0,0,0,0,0,0,0,0,0,
2022/4/28,0,4,28,5,313,zesty,88974,6315,0,0.02,0.12,0.27,0.3,0.22,0.07,4.79,1.177242541,0,0,0,0,0,0,0,0,0,0,0,0,0,0,0,
2022/4/27,0,4,27,4,312,shown,98967,6564,0,0.06,0.26,0.36,0.22,0.08,0.01,4.03030303,1.067940011,0,1,0,0,0,0,0,0,0,0,0,0,0,0,0,
2022/4/26,0,4,26,3,311,heist,103153,6830,0.01,0.13,0.32,0.31,0.16,0.06,0.01,3.7,1.153256259,0,0,0,0,0,0,0,0,0,0,0,0,0,0,0,
2022/4/25,0,4,25,2,310,askew,91548,6549,0,0.03,0.13,0.29,0.32,0.19,0.04,4.63,1.137145549,0,0,0,0,0,0,0,0,0,0,0,0,0,0,0,
2022/4/24,0,4,24,1,309,inert,97452,6743,0,0.07,0.27,0.34,0.22,0.09,0.01,4.02,1.104355015,0,0,0,1,0,0,0,0,0,0,0,0,0,0,0,
2022/4/23,0,4,23,7,308,olive,95562,6482,0.01,0.06,0.25,0.34,0.23,0.1,0.01,4.06,1.138595626,0,0,0,0,0,0,0,0,0,0,0,0,0,0,0,
2022/4/22,0,4,22,6,307,plant,119232,7731,0.02,0.19,0.39,0.28,0.1,0.03,0,3.336633663,1.046230648,0,0,0,0,0,0,0,0,0,0,0,0,0,0,0,
2022/4/21,0,4,21,5,306,oxide,97955,6960,0,0.02,0.11,0.3,0.33,0.21,0.04,4.712871287,1.093062132,0,0,0,0,0,0,0,0,0,0,0,0,0,0,0,
2022/4/20,0,4,20,4,305,cargo,102007,6796,0,0.05,0.2,0.34,0.27,0.12,0.02,4.27,1.121204709,0,0,0,0,0,0,0,0,0,0,0,0,0,0,0,
2022/4/19,0,4,19,3,304,foyer,108899,8198,0,0.02,0.1,0.19,0.19,0.23,0.26,5.303030303,1.403131746,0,0,0,1,0,0,0,0,0,0,0,0,0,0,0,
2022/4/18,0,4,18,2,303,flair,112383,7341,0.01,0.08,0.3,0.36,0.18,0.06,0.01,3.84,1.092886087,0,0,0,0,0,0,0,0,1,0,0,0,0,0,0,
2022/4/17,1,4,17,1,302,ample,106681,7008,0,0.04,0.2,0.35,0.27,0.11,0.02,4.272727273,1.090067015,0,0,0,0,0,0,0,0,0,0,0,0,0,0,0,
2022/4/16,0,4,16,7,301,cheek,107987,7035,0,0.03,0.19,0.4,0.28,0.09,0.01,4.24,0.991160935,0,0,1,0,0,0,0,0,0,0,0,0,0,0,0,
2022/4/15,0,4,15,6,300,shame,129991,8522,0.01,0.11,0.22,0.25,0.21,0.15,0.05,4.19,1.404955515,0,1,0,0,0,0,0,0,0,0,0,0,0,0,0,
2022/4/14,0,4,14,5,299,mince,113448,7356,0,0.06,0.24,0.35,0.24,0.1,0.01,4.11,1.094486181,0,0,0,0,0,0,0,0,0,0,0,0,0,0,0,
2022/4/13,0,4,13,4,298,chunk,123255,7835,0.01,0.04,0.29,0.42,0.18,0.05,0.01,3.91,1.000949549,0,0,1,0,0,0,0,0,0,0,0,0,0,0,0,
2022/4/12,0,4,12,3,297,royal,114907,7275,0.01,0.05,0.24,0.36,0.23,0.09,0.01,4.070707071,1.103278175,0,0,0,0,0,0,0,0,0,0,0,0,0,0,0,
2022/4/11,0,4,11,2,296,squad,109828,7236,0,0.03,0.2,0.33,0.27,0.14,0.02,4.353535354,1.103832912,0,0,0,0,0,0,0,0,0,0,0,0,0,0,1,
2022/4/10,0,4,10,1,295,black,126241,7894,0.01,0.1,0.31,0.34,0.18,0.06,0.01,3.792079208,1.119731507,0,0,0,0,0,0,0,0,0,0,0,0,0,0,0,
2022/4/9,0,4,9,7,294,stair,134210,8537,0.02,0.21,0.36,0.26,0.11,0.04,0.01,3.386138614,1.160149333,0,0,0,0,0,0,0,0,1,0,0,0,0,0,0,
2022/4/8,0,4,8,6,293,scare,141158,9010,0.01,0.12,0.23,0.26,0.21,0.13,0.04,4.09,1.371823604,0,0,0,0,0,0,0,0,0,0,0,0,0,0,0,
2022/4/7,0,4,7,5,292,foray,117761,7575,0,0.02,0.14,0.31,0.31,0.19,0.04,4.623762376,1.11560919,0,0,0,0,0,0,0,0,0,0,0,0,0,0,0,
2022/4/6,0,4,6,4,291,comma,117856,7560,0,0.02,0.13,0.33,0.33,0.17,0.03,4.584158416,1.064897399,0,0,0,0,0,0,0,0,0,0,0,0,0,0,0,
2022/4/5,0,4,5,3,290,natal,121356,7702,0,0.02,0.14,0.32,0.32,0.17,0.03,4.57,1.07939798,0,0,0,0,0,0,0,0,0,0,0,0,0,0,0,
2022/4/4,0,4,4,2,289,shawl,129651,7943,0,0.03,0.16,0.31,0.3,0.16,0.03,4.494949495,1.122530847,0,1,0,0,0,0,0,0,0,0,0,0,0,0,0,
2022/4/3,0,4,3,1,288,fewer,124532,7931,0,0.02,0.1,0.24,0.32,0.26,0.06,4.88,1.142628549,0,0,0,1,0,0,0,0,0,0,0,0,0,0,0,
2022/4/2,0,4,2,7,287,trope,155079,9315,0.01,0.16,0.33,0.28,0.15,0.06,0.01,3.62,1.181355154,0,0,0,0,0,0,0,0,0,0,0,0,0,0,0,
2022/4/1,0,4,1,6,286,snout,144648,8913,0.01,0.04,0.19,0.27,0.26,0.18,0.05,4.47,1.284172886,0,0,0,0,0,1,0,0,0,0,0,0,0,0,0,
2022/3/31,0,3,31,5,285,lowly,135219,8469,0,0.02,0.09,0.26,0.32,0.24,0.08,4.900990099,1.156171135,0,0,0,0,0,0,0,0,0,0,0,0,0,0,0,
2022/3/30,0,3,30,4,284,stove,158139,9318,0,0.05,0.16,0.24,0.27,0.21,0.06,4.616161616,1.284775425,0,0,0,0,0,0,0,0,0,0,0,0,0,0,0,
2022/3/29,0,3,29,3,283,shall,149070,8494,0,0.03,0.17,0.3,0.28,0.17,0.04,4.515151515,1.166568276,0,1,0,0,0,0,0,0,0,0,0,0,0,0,0,
2022/3/28,0,3,28,2,282,found,173696,10613,0.01,0.06,0.17,0.22,0.2,0.21,0.14,4.712871287,1.50468992,0,0,0,0,0,1,0,0,0,0,0,0,0,0,0,
2022/3/27,0,3,27,1,281,nymph,165468,9935,0.01,0.02,0.18,0.44,0.26,0.26,0.09,4.634920635,1.244691423,0,0,0,0,0,0,0,0,0,0,0,1,0,0,0,
2022/3/26,0,3,26,7,280,epoxy,149507,9376,0,0.02,0.13,0.31,0.33,0.18,0.03,4.61,1.076057619,0,0,0,0,0,0,0,0,0,0,0,0,0,0,0,
2022/3/25,0,3,25,6,279,depot,150197,8562,0,0.05,0.29,0.36,0.2,0.07,0.01,3.979591837,1.039815445,0,0,0,0,0,0,0,0,0,0,0,0,0,0,0,
2022/3/24,0,3,24,5,278,chest,169066,9318,0.01,0.14,0.35,0.31,0.14,0.05,0.01,3.613861386,1.125494805,0,0,1,0,0,0,0,0,0,0,0,0,0,0,0,
2022/3/23,0,3,23,4,277,purge,156785,8555,0.01,0.04,0.22,0.35,0.26,0.11,0.02,4.207920792,1.137278597,0,0,0,0,0,0,0,0,0,0,0,0,0,0,0,
2022/3/22,0,3,22,3,276,slosh,160161,8807,0,0.02,0.19,0.36,0.27,0.13,0.02,4.363636364,1.058439345,0,1,0,0,0,0,0,0,0,0,0,0,0,0,0,
2022/3/21,0,3,21,2,275,their,173636,9200,0.02,0.14,0.36,0.3,0.13,0.04,0,3.505050505,1.076598998,1,0,0,0,0,0,0,0,0,0,0,0,0,0,0,
2022/3/20,0,3,20,1,274,renew,154987,8417,0,0.04,0.2,0.33,0.27,0.13,0.02,4.313131313,1.115967349,0,0,0,0,0,0,1,0,0,0,0,0,0,0,0,
2022/3/19,0,3,19,7,273,allow,156311,8515,0,0.05,0.21,0.32,0.26,0.14,0.03,4.316831683,1.176760893,0,0,0,0,0,0,0,0,0,0,0,0,0,0,0,
2022/3/18,0,3,18,6,272,saute,179830,9304,0.01,0.08,0.31,0.34,0.19,0.06,0.01,3.84,1.101998185,0,0,0,0,0,0,0,0,0,0,0,0,0,0,0,
2022/3/17,0,3,17,5,271,movie,169071,8847,0.01,0.05,0.18,0.3,0.26,0.16,0.03,4.363636364,1.23463932,0,0,0,0,0,0,0,0,0,0,0,0,0,0,0,
2022/3/16,0,3,16,4,270,cater,217856,11234,0.01,0.07,0.19,0.22,0.19,0.18,0.15,4.633663366,1.546140338,0,0,0,1,0,0,0,0,0,0,0,0,0,0,0,
2022/3/15,0,3,15,3,269,tease,202855,10024,0.01,0.16,0.32,0.3,0.16,0.06,0.01,3.647058824,1.176960682,0,0,0,0,0,0,0,0,0,0,0,0,0,0,0,
2022/3/14,0,3,14,2,268,smelt,185406,9373,0,0.05,0.19,0.33,0.28,0.13,0.02,4.31,1.128671786,0,0,0,0,0,0,0,0,0,0,0,0,0,0,0,
2022/3/13,0,3,13,1,267,focus,179436,8937,0.01,0.04,0.23,0.36,0.24,0.1,0.01,4.131313131,1.097715393,0,0,0,0,0,0,0,0,0,0,0,0,0,0,0,
2022/3/12,0,3,12,7,266,today,192049,9353,0.01,0.07,0.29,0.35,0.2,0.07,0.01,3.91,1.105395857,0,0,0,0,0,0,0,0,0,0,0,0,0,0,0,
2022/3/11,0,3,11,6,265,watch,226349,12400,0.01,0.06,0.14,0.18,0.17,0.24,0.2,4.96,1.574293492,0,0,1,0,0,0,0,0,0,0,0,0,0,0,0,
2022/3/10,0,3,10,5,264,lapse,208884,9960,0,0.08,0.31,0.34,0.19,0.07,0.01,3.89,1.085311015,0,0,0,0,0,0,0,0,0,0,0,0,0,0,0,
2022/3/9,0,3,9,4,263,month,201799,9435,0.01,0.05,0.26,0.37,0.22,0.08,0.01,4.02,1.086093919,1,0,0,0,0,0,0,0,0,0,0,0,0,0,0,
2022/3/8,0,3,8,3,262,sweet,207473,9767,0.01,0.05,0.18,0.31,0.28,0.15,0.02,4.33,1.192098989,0,0,0,0,0,0,0,0,0,0,0,0,0,0,0,
2022/3/7,0,3,7,2,261,hoard,218595,9823,0.01,0.09,0.3,0.34,0.19,0.07,0.01,3.851485149,1.129147042,0,0,0,0,0,0,0,0,0,0,0,0,0,0,0,
2022/3/6,0,3,6,1,260,cloth,218595,9911,0.01,0.08,0.33,0.34,0.17,0.07,0.01,3.821782178,1.111559778,1,0,0,0,0,0,0,0,0,0,0,0,0,0,0,
2022/3/5,0,3,5,7,259,brine,229895,10405,0.01,0.09,0.25,0.29,0.22,0.12,0.03,4.089108911,1.282780164,0,0,0,0,0,0,0,0,0,0,0,0,0,0,0,
2022/3/4,0,3,4,6,258,ahead,203730,9396,0.01,0.05,0.2,0.35,0.26,0.12,0.02,4.227722772,1.159388607,0,0,0,0,0,0,0,0,0,0,0,0,0,0,0,
2022/3/3,0,3,3,5,257,mourn,240018,10465,0.01,0.08,0.29,0.34,0.19,0.08,0.01,3.9,1.135781669,0,0,0,0,0,1,0,0,0,0,0,0,0,0,0,
2022/3/2,0,3,2,4,256,nasty,257304,10813,0.01,0.07,0.26,0.31,0.21,0.11,0.02,4.060606061,1.212878551,0,0,0,0,0,0,0,0,0,0,0,0,0,0,0,
2022/3/1,0,3,1,3,255,rupee,240137,10577,0.01,0.02,0.17,0.35,0.3,0.13,0.02,4.38,1.093434955,0,0,0,0,0,0,0,0,0,0,0,0,0,0,0,
2022/2/28,0,2,28,2,254,choke,251094,10521,0.01,0.08,0.3,0.36,0.18,0.06,0.01,3.84,1.092886087,0,0,1,0,0,0,0,0,0,0,0,0,0,0,0,
2022/2/27,0,2,27,1,253,chant,250413,10438,0.01,0.09,0.33,0.33,0.16,0.07,0.01,3.79,1.125122216,0,0,1,0,0,0,0,0,0,0,0,0,0,0,0,
2022/2/26,0,2,26,7,252,spill,248363,10087,0.01,0.05,0.26,0.34,0.22,0.1,0.02,4.09,1.158404075,0,0,0,0,0,0,0,0,0,0,0,0,0,0,0,
2022/2/25,0,2,25,6,251,vivid,255907,11687,0.01,0.02,0.1,0.29,0.33,0.21,0.04,4.7,1.144552314,0,0,0,0,0,0,0,0,0,0,0,0,0,0,0,
2022/2/24,0,2,24,5,250,bloke,250674,10405,0.01,0.06,0.21,0.32,0.25,0.12,0.02,4.191919192,1.194911498,0,0,0,0,0,0,0,0,0,0,0,0,0,0,0,
2022/2/23,0,2,23,4,249,trove,277576,11411,0.01,0.05,0.16,0.24,0.25,0.22,0.08,4.633663366,1.369561412,0,0,0,0,0,0,0,0,0,0,0,0,0,0,0,
2022/2/22,0,2,22,3,248,thorn,306356,11814,0.01,0.14,0.38,0.3,0.12,0.04,0,3.505050505,1.038391699,1,0,0,0,0,0,0,0,0,0,0,0,0,0,0,
2022/2/21,1,2,21,2,247,other,278731,10887,0.01,0.09,0.26,0.3,0.21,0.1,0.02,4,1.23091491,1,0,0,1,0,0,0,0,0,0,0,0,0,0,0,
2022/2/20,0,2,20,1,246,tacit,273306,11094,0.01,0.04,0.21,0.32,0.26,0.14,0.03,4.306930693,1.200186242,0,0,0,0,0,0,0,0,0,0,0,0,0,0,0,
2022/2/19,0,2,19,7,245,swill,282327,11241,0.01,0.01,0.08,0.19,0.31,0.3,0.1,5.08,1.20565335,0,0,0,0,0,0,0,0,0,0,0,0,0,0,0,
2022/2/18,0,2,18,6,244,dodge,265238,10220,0.01,0.03,0.15,0.29,0.27,0.19,0.07,4.613861386,1.274038539,0,0,0,0,0,0,0,0,0,0,0,0,0,0,0,
2022/2/17,0,2,17,5,243,shake,342003,12767,0.01,0.06,0.16,0.23,0.24,0.21,0.09,4.62,1.412657071,0,1,0,0,0,0,0,0,0,0,0,0,0,0,0,
2022/2/16,0,2,16,4,242,caulk,289721,10740,0.01,0.04,0.2,0.31,0.26,0.15,0.03,4.34,1.210123961,0,0,0,0,0,0,0,0,0,0,0,0,0,0,0,
2022/2/15,0,2,15,3,241,aroma,287836,10343,0.01,0.06,0.25,0.33,0.22,0.11,0.02,4.1,1.187434209,0,0,0,0,0,0,0,0,0,0,0,0,0,0,0,
2022/2/14,0,2,14,2,240,cynic,261521,10343,0.01,0.06,0.25,0.33,0.22,0.11,0.02,4.1,1.187434209,0,0,0,0,0,0,0,0,0,0,0,0,0,0,0,
2022/2/13,0,2,13,1,239,robin,277471,3249,0.01,0.06,0.29,0.34,0.21,0.08,0.01,3.96,1.112834219,0,0,0,0,0,0,0,0,0,0,0,0,0,0,0,
2022/2/12,0,2,12,7,238,ultra,269885,9310,0.01,0.07,0.23,0.34,0.24,0.1,0.01,4.07,1.15112988,0,0,0,0,0,0,0,0,0,0,0,0,0,0,0,
2022/2/11,0,2,11,6,237,ulcer,278826,10631,0.01,0.04,0.18,0.3,0.28,0.16,0.03,4.4,1.208304597,0,0,0,1,0,0,0,0,0,0,0,0,0,0,0,
2022/2/10,0,2,10,5,236,pause,304830,13480,0.01,0.08,0.26,0.32,0.21,0.1,0.02,4.02,1.208139065,0,0,0,0,0,0,0,0,0,0,0,0,0,0,0,
2022/2/9,0,2,9,4,235,humor,305372,13846,0.01,0.05,0.22,0.34,0.25,0.11,0.02,4.18,1.160861749,0,0,0,0,0,0,0,0,0,0,0,0,0,0,0,
2022/2/8,0,2,8,3,234,frame,336236,15369,0.01,0.1,0.2,0.24,0.24,0.17,0.03,4.242424242,1.356547229,0,0,0,0,0,0,0,0,0,0,0,0,0,0,0,
2022/2/7,0,2,7,2,233,elder,288228,13340,0.01,0.03,0.13,0.24,0.3,0.24,0.05,4.71,1.24334227,0,0,0,1,0,0,0,0,0,0,0,0,0,0,0,
2022/2/6,0,2,6,1,232,skill,311018,13716,0.01,0.03,0.17,0.33,0.27,0.16,0.03,4.42,1.176265276,0,0,0,0,0,0,0,0,0,0,0,0,0,0,0,
2022/2/5,0,2,5,7,231,aloft,319698,13708,0.01,0.04,0.22,0.36,0.25,0.11,0.02,4.198019802,1.134689751,0,0,0,0,0,0,0,0,0,0,0,0,0,0,0,
2022/2/4,0,2,4,6,230,pleat,359679,14813,0.01,0.1,0.28,0.31,0.19,0.09,0.02,3.92,1.222129289,0,0,0,0,0,0,0,0,0,0,0,0,0,0,0,
2022/2/3,0,2,3,5,229,shard,358176,14609,0.01,0.07,0.22,0.28,0.25,0.14,0.04,4.257425743,1.294722458,0,1,0,0,0,0,0,0,0,0,0,0,0,0,0,
2022/2/2,0,2,2,4,228,moist,361908,14205,0.03,0.13,0.32,0.29,0.16,0.07,0.01,3.663366337,1.228999655,0,0,0,0,0,0,0,0,0,0,0,0,0,0,0,
2022/2/1,0,2,1,3,227,those,351663,13606,0.01,0.13,0.34,0.3,0.15,0.06,0.01,3.67,1.149391143,1,0,0,0,0,0,0,0,0,0,0,0,0,0,0,
2022/1/31,0,1,31,2,226,light,341314,13347,0.01,0.1,0.25,0.27,0.19,0.12,0.05,4.101010101,1.366961901,0,0,0,0,0,0,0,0,0,0,0,0,0,0,0,
2022/1/30,0,1,30,1,225,wrung,294687,11524,0,0.02,0.18,0.39,0.27,0.12,0.02,4.35,1.033198916,0,0,0,0,0,0,0,0,0,0,0,0,0,1,0,
2022/1/29,0,1,29,7,224,could,313220,11592,0.01,0.07,0.29,0.35,0.2,0.08,0.01,3.930693069,1.119206099,0,0,0,0,0,1,0,0,0,0,0,0,0,0,0,
2022/1/28,0,1,28,6,223,perky,296968,11148,0.01,0.04,0.17,0.3,0.27,0.17,0.04,4.45,1.235920709,0,0,0,1,0,0,0,0,0,0,0,0,0,0,0,
2022/1/27,0,1,27,5,222,mount,331844,11451,0.01,0.09,0.29,0.33,0.19,0.07,0.01,3.858585859,1.137160215,0,0,0,0,0,1,0,0,0,0,0,0,0,0,0,
2022/1/26,0,1,26,4,221,whack,302348,10163,0.01,0.04,0.22,0.37,0.24,0.1,0.02,4.17,1.122987088,0,0,0,0,0,0,0,0,0,0,0,0,0,0,0,
2022/1/25,0,1,25,3,220,sugar,276404,8708,0.01,0.06,0.25,0.34,0.23,0.09,0.01,4.04040404,1.127428395,0,0,0,0,0,0,0,0,0,0,0,0,0,0,0,
2022/1/24,0,1,24,2,219,knoll,258038,8317,0.01,0.01,0.11,0.29,0.33,0.21,0.04,4.71,1.125122216,0,0,0,0,0,0,0,0,0,0,1,0,0,0,0,
2022/1/23,0,1,23,1,218,crimp,269929,7630,0.01,0.05,0.28,0.38,0.2,0.07,0.01,3.96,1.066958293,0,0,0,0,0,0,0,0,0,0,0,0,0,0,0,
2022/1/22,0,1,22,7,217,wince,241489,6850,0.01,0.03,0.17,0.33,0.29,0.15,0.03,4.415841584,1.162681492,0,0,0,0,0,0,0,0,0,0,0,0,0,0,0,
2022/1/21,0,1,21,6,216,prick,273727,7409,0.01,0.08,0.3,0.33,0.19,0.07,0.01,3.868686869,1.124982286,0,0,0,0,0,0,0,0,0,0,0,0,0,0,0,
2022/1/20,0,1,20,5,215,robot,243964,6589,0.01,0.08,0.29,0.34,0.2,0.08,0.01,3.910891089,1.135380687,0,0,0,0,0,0,0,0,0,0,0,0,0,0,0,
2022/1/19,0,1,19,4,214,point,280622,7094,0.01,0.16,0.37,0.28,0.12,0.04,0.01,3.505050505,1.113496063,0,0,0,0,0,0,0,0,0,0,0,0,0,0,0,
2022/1/18,0,1,18,3,213,proxy,220950,6206,0.01,0.02,0.11,0.24,0.31,0.26,0.06,4.821782178,1.213749934,0,0,0,0,0,0,0,0,0,0,0,0,0,0,0,
2022/1/17,2,1,17,2,212,shire,222197,5640,0.01,0.08,0.32,0.32,0.18,0.08,0.02,3.891089109,1.176510953,0,1,0,0,0,0,0,0,0,0,0,0,0,0,0,
2022/1/16,0,1,16,1,211,solar,209609,4955,0.01,0.09,0.32,0.32,0.18,0.07,0.01,3.82,1.134724636,0,0,0,0,0,0,0,0,0,0,0,0,0,0,0,
2022/1/15,0,1,15,7,210,panic,205880,4655,0.01,0.09,0.35,0.34,0.16,0.05,0.01,3.732673267,1.079888967,0,0,0,0,0,0,0,0,0,0,0,0,0,0,0,
2022/1/14,0,1,14,6,209,tangy,169484,3985,0.01,0.04,0.21,0.3,0.24,0.15,0.05,4.37,1.270078738,0,0,0,0,0,0,0,0,0,0,0,0,0,0,0,
2022/1/13,0,1,13,5,208,abbey,132726,3345,0.01,0.02,0.13,0.29,0.31,0.2,0.03,4.606060606,1.153108945,0,0,0,0,0,0,0,0,0,0,0,0,0,0,0,
2022/1/12,0,1,12,4,207,favor,137586,3073,0.01,0.04,0.15,0.26,0.29,0.21,0.04,4.57,1.251039568,0,0,0,0,0,0,0,0,0,0,0,0,0,0,0,
2022/1/11,0,1,11,3,206,drink,153880,3017,0.01,0.09,0.35,0.34,0.16,0.05,0.01,3.732673267,1.079888967,0,0,0,0,0,0,0,0,0,0,0,0,0,0,0,
2022/1/10,0,1,10,2,205,query,107134,2242,0.01,0.04,0.16,0.3,0.3,0.17,0.02,4.43,1.176902715,0,0,0,1,0,0,0,0,0,0,0,0,0,0,1,
2022/1/9,0,1,9,1,204,gorge,91477,1913,0.01,0.03,0.13,0.27,0.3,0.22,0.04,4.64,1.212600511,0,0,0,0,0,0,0,0,0,0,0,0,0,0,0,
2022/1/8,0,1,8,7,203,crank,101503,1763,0.01,0.05,0.23,0.31,0.24,0.14,0.02,4.22,1.204823639,0,0,0,0,0,0,0,0,0,0,0,0,0,0,0,
2022/1/7,0,1,7,6,202,slump,80630,1362,0.01,0.03,0.23,0.39,0.24,0.09,0.01,4.13,1.055035544,0,0,0,0,0,0,0,0,0,0,0,0,0,0,0,
